{
  "cookies": [
    {
      "name": "CookieConsentPolicy",
      "value": "0:0",
      "domain": "login.salesforce.com",
      "path": "/",
      "expires": 1743445071.802484,
      "httpOnly": false,
      "secure": true,
      "sameSite": "None"
    },
    {
      "name": "LSKey-c$CookieConsentPolicy",
      "value": "0:0",
      "domain": "login.salesforce.com",
      "path": "/",
      "expires": 1743445071.807273,
      "httpOnly": false,
      "secure": true,
      "sameSite": "None"
    },
    {
      "name": "BrowserId",
      "value": "_JPlE--KEe6oq_e-WGM_Nw",
      "domain": ".salesforce.com",
      "path": "/",
      "expires": 1743445071.807421,
      "httpOnly": false,
      "secure": false,
      "sameSite": "Lax"
    },
    {
      "name": "BrowserId_sec",
      "value": "_JPlE--KEe6oq_e-WGM_Nw",
      "domain": ".salesforce.com",
      "path": "/",
      "expires": 1743445071.8075,
      "httpOnly": false,
      "secure": true,
      "sameSite": "None"
    },
    {
      "name": "session",
      "value": "1711909073038",
      "domain": "login.salesforce.com",
      "path": "/",
      "expires": -1,
      "httpOnly": false,
      "secure": true,
      "sameSite": "None"
    },
    {
      "name": "webact",
      "value": "%7B%22l_vdays%22%3A-1%2C%22l_visit%22%3A0%2C%22session%22%3A1711909073585%2C%22l_search%22%3A%22%22%2C%22l_dtype%22%3A%22%22%2C%22l_page%22%3A%22SFDC%3Aus%3Alogin%22%2C%22l_page_url%22%3A%22https%3A%2F%2Fc.salesforce.com%2Flogin-messages%2Fpromos.html%22%2C%22counter%22%3A0%2C%22pv%22%3A1%2C%22f_visit%22%3A1711909073585%2C%22seg%22%3A%22non-customer%3Aus%22%7D",
      "domain": ".salesforce.com",
      "path": "/",
      "expires": 1743445072,
      "httpOnly": false,
      "secure": true,
      "sameSite": "Lax"
    },
    {
      "name": "sfdcConsent",
      "value": "1,3,4",
      "domain": ".salesforce.com",
      "path": "/",
      "expires": 1743445074,
      "httpOnly": false,
      "secure": false,
      "sameSite": "Lax"
    },
    {
      "name": "OptanonConsent",
      "value": "isGpcEnabled=0&datestamp=Sun+Mar+31+2024+23%3A47%3A54+GMT%2B0530+(India+Standard+Time)&version=202401.2.0&browserGpcFlag=0&isIABGlobal=false&hosts=&consentId=e28a6e3f-6ef6-4167-a18d-98b8ec10d5c8&interactionCount=1&landingPath=https%3A%2F%2Fc.salesforce.com%2Flogin-messages%2Fpromos.html&groups=1%3A1%2C3%3A1%2C4%3A1",
      "domain": ".salesforce.com",
      "path": "/",
      "expires": 1743445074,
      "httpOnly": false,
      "secure": false,
      "sameSite": "Lax"
    },
    {
      "name": "inst",
      "value": "APP_5h",
      "domain": ".salesforce.com",
      "path": "/",
      "expires": -1,
      "httpOnly": false,
      "secure": true,
      "sameSite": "None"
    },
    {
      "name": "rememberUn",
      "value": "false",
      "domain": ".salesforce.com",
      "path": "/",
      "expires": 1717093075.293567,
      "httpOnly": false,
      "secure": true,
      "sameSite": "None"
    },
    {
      "name": "com.salesforce.LocaleInfo",
      "value": "in",
      "domain": ".salesforce.com",
      "path": "/",
      "expires": 1717093075.293724,
      "httpOnly": false,
      "secure": true,
      "sameSite": "None"
    },
    {
      "name": "oinfo",
      "value": "c3RhdHVzPUZSRUUmdHlwZT0zJm9pZD0wMEQ1aDAwMDAwOThwZ1I=",
      "domain": ".salesforce.com",
      "path": "/",
      "expires": 1717093075.293795,
      "httpOnly": false,
      "secure": true,
      "sameSite": "None"
    },
    {
      "name": "_gid",
      "value": "GA1.2.1747160431.1711909076",
      "domain": ".salesforce.com",
      "path": "/",
      "expires": 1711995476,
      "httpOnly": false,
      "secure": false,
      "sameSite": "Lax"
    },
    {
      "name": "_ga_S6WMKB0ZK3",
      "value": "GS1.1.1711909075.1.0.1711909075.0.0.0",
      "domain": ".salesforce.com",
      "path": "/",
      "expires": 1746469076.189529,
      "httpOnly": false,
      "secure": false,
      "sameSite": "Lax"
    },
    {
      "name": "_ga",
      "value": "GA1.1.1471325962.1711909076",
      "domain": ".salesforce.com",
      "path": "/",
      "expires": 1746469076.219875,
      "httpOnly": false,
      "secure": false,
      "sameSite": "Lax"
    },
    {
      "name": "_ga_ESNS60PH6F",
      "value": "GS1.1.1711909075.1.0.1711909075.0.0.0",
      "domain": ".salesforce.com",
      "path": "/",
      "expires": 1746469076.218779,
      "httpOnly": false,
      "secure": false,
      "sameSite": "Lax"
    },
    {
      "name": "_dc_gtm_UA-140200881-1",
      "value": "1",
      "domain": ".salesforce.com",
      "path": "/",
      "expires": 1711909136,
      "httpOnly": false,
      "secure": false,
      "sameSite": "Lax"
    },
    {
      "name": "CookieConsentPolicy",
      "value": "0:1",
      "domain": "testleaf-da-dev-ed.develop.my.salesforce.com",
      "path": "/",
      "expires": 1743445077.022873,
      "httpOnly": false,
      "secure": true,
      "sameSite": "None"
    },
    {
      "name": "LSKey-c$CookieConsentPolicy",
      "value": "0:1",
      "domain": "testleaf-da-dev-ed.develop.my.salesforce.com",
      "path": "/",
      "expires": 1743445077.022989,
      "httpOnly": false,
      "secure": true,
      "sameSite": "None"
    },
    {
      "name": "sfdc_lv2",
      "value": "KxG83HLhoGsmbtlmmEETATqFrU/hEaJfF+MXK1CNhxAEp8wXlRRD//l63SgAdA2CQ=",
      "domain": ".salesforce.com",
      "path": "/",
      "expires": 1743445077.023045,
      "httpOnly": false,
      "secure": true,
      "sameSite": "None"
    },
    {
      "name": "disco",
      "value": "5h:00D5h0000098pgR:0055h00000AnfC0:3",
      "domain": ".salesforce.com",
      "path": "/",
      "expires": -1,
      "httpOnly": false,
      "secure": true,
      "sameSite": "None"
    },
    {
      "name": "autocomplete",
      "value": "1",
      "domain": ".salesforce.com",
      "path": "/",
      "expires": 1717093077.023213,
      "httpOnly": false,
      "secure": true,
      "sameSite": "None"
    },
    {
      "name": "sid",
      "value": "00D5h0000098pgR!AQwAQCn9w2exhtriqwRjfCUJ_lSZEetYGltRdhNBEMvJwPYV3_gI2E5piDED2GsQnVxuCONmfOFqwOkUGuAR7MiPOWsLYRoG",
      "domain": "testleaf-da-dev-ed.develop.my.salesforce.com",
      "path": "/",
      "expires": -1,
      "httpOnly": false,
      "secure": true,
      "sameSite": "None"
    },
    {
      "name": "sid_Client",
      "value": "h00000AnfC0h0000098pgR",
      "domain": "testleaf-da-dev-ed.develop.my.salesforce.com",
      "path": "/",
      "expires": -1,
      "httpOnly": false,
      "secure": true,
      "sameSite": "None"
    },
    {
      "name": "clientSrc",
      "value": "103.98.209.242",
      "domain": "testleaf-da-dev-ed.develop.my.salesforce.com",
      "path": "/",
      "expires": -1,
      "httpOnly": false,
      "secure": true,
      "sameSite": "None"
    },
    {
      "name": "oid",
      "value": "00D5h0000098pgR",
      "domain": "testleaf-da-dev-ed.develop.my.salesforce.com",
      "path": "/",
      "expires": 1743445077.023481,
      "httpOnly": false,
      "secure": true,
      "sameSite": "None"
    },
    {
      "name": "CookieConsentPolicy",
      "value": "0:1",
      "domain": "testleaf-da-dev-ed.develop.file.force.com",
      "path": "/",
      "expires": 1743445079.281525,
      "httpOnly": false,
      "secure": true,
      "sameSite": "None"
    },
    {
      "name": "LSKey-c$CookieConsentPolicy",
      "value": "0:1",
      "domain": "testleaf-da-dev-ed.develop.file.force.com",
      "path": "/",
      "expires": 1743445079.282025,
      "httpOnly": false,
      "secure": true,
      "sameSite": "None"
    },
    {
      "name": "BrowserId",
      "value": "AP4cmO-LEe6Z2f-N1ultYA",
      "domain": ".force.com",
      "path": "/",
      "expires": 1743445079.282273,
      "httpOnly": false,
      "secure": false,
      "sameSite": "Lax"
    },
    {
      "name": "BrowserId_sec",
      "value": "AP4cmO-LEe6Z2f-N1ultYA",
      "domain": ".force.com",
      "path": "/",
      "expires": 1743445079.282393,
      "httpOnly": false,
      "secure": true,
      "sameSite": "None"
    },
    {
      "name": "sid",
      "value": "00D5h0000098pgR!AQwAQJ6l.JA12EjEURPZabXj2_heDZylps7vPIGHDS__9UJFDxp.TpC.PccmTzC0Gueepr_DdN_Uc29kqhVeKh7VdalyFMZh",
      "domain": "testleaf-da-dev-ed.develop.file.force.com",
      "path": "/",
      "expires": -1,
      "httpOnly": false,
      "secure": true,
      "sameSite": "None"
    },
    {
      "name": "sid_Client",
      "value": "h00000AnfC0h0000098pgR",
      "domain": "testleaf-da-dev-ed.develop.file.force.com",
      "path": "/",
      "expires": -1,
      "httpOnly": false,
      "secure": true,
      "sameSite": "None"
    },
    {
      "name": "clientSrc",
      "value": "103.98.209.242",
      "domain": "testleaf-da-dev-ed.develop.file.force.com",
      "path": "/",
      "expires": -1,
      "httpOnly": false,
      "secure": true,
      "sameSite": "None"
    },
    {
      "name": "inst",
      "value": "APP_5h",
      "domain": ".force.com",
      "path": "/",
      "expires": -1,
      "httpOnly": false,
      "secure": true,
      "sameSite": "None"
    }
  ],
  "origins": [
    {
      "origin": "https://c.salesforce.com",
      "localStorage": [
        {
          "name": "webactls",
          "value": "{\"chat\":0,\"kxsfdc\":{\"segs\":\"\"},\"l_cloud\":\"No Cloud\"}"
        }
      ]
    }
  ]
}